ID,CODE,COM,N,1,2,3,4,5,6,7,10,11,15,16,17,18,19,20,21,22,23,24,25,26,98_1,98_2,98_3
1,1101,TNS,2794,42.4,51,5.1,0.5,0,0,0,0,0,0.4,0.5,0,0,0,0,0,0,0,0,0,0,0,0,0
2,1102,KRC,2927,39.4,46.5,12,2,0,0,0,0,0,0,0,0,0,0,0,0,0,0,0,0,0,0,0,0
3,1103,TNS,2620,39.4,26.1,33.5,0,0,0,0.2,0,0,0,0,0,0.8,0,0,0,0,0,0,0,0,0,0,0
4,1104,TNS,2430,39.4,43.7,13.9,2.6,0,0,0,0,0,0,0,0,0.4,0,0,0,0,0,0,0,0,0,0,0
5,1105,KRC,2755,37.2,42.2,19.7,0,0,0,0,0.5,0,0,0,0,0,0,0,0,0,0,0,0,0.4,0,0,0
6,1106,R&R,3601,36.5,47.9,15.6,0,0,0,0,0,0,0,0,0,0,0,0,0,0,0,0,0,0,0,0,0
7,1107,TNS,2349,39.5,41.3,16.4,2.8,0,0,0,0,0,0,0,0,0,0,0,0,0,0,0,0,0,0,0,0
8,1108,TNS,2329,39.8,56.6,0,0,0,0,0,0,0,0,0,0,3.7,0,0,0,0,0,0,0,0,0,0,0
9,1109,R&R,3761,30.8,55.2,13.2,0,0,0,0,0,0,0,0,0,0.8,0,0,0,0,0,0,0,0,0,0,0
10,1110,KRC,3405,36.1,46.5,13.5,0,0,0,0,0,0,0,0,0,0,0,0,0,0,0,0,0,0,1,2.9,0
11,1111,TNS,2589,36.6,46.8,15.9,0,0,0,0,0,0,0,0,0,0.7,0,0,0,0,0,0,0,0,0,0,0
12,1112,R&R,3984,30.4,39.3,24.2,1.9,0,0,0,0,0,0,0,0,0,0,0,0,0,0,0,0,0,3,1.3,0
13,1113,TNS,2165,38.4,35.7,25.9,0,0,0,0,0,0,0,0,0,0,0,0,0,0,0,0,0,0,0,0,0
14,1114,TNS,1972,37.5,48.1,14.4,0,0,0,0,0,0,0,0,0,0,0,0,0,0,0,0,0,0,0,0,0
15,1115,KRC,2501,38.4,61.6,0,0,0,0,0,0,0,0,0,0,0,0,0,0,0,0,0,0,0,0,0,0
16,1116,KRC,2341,43.5,37.7,18.8,0,0,0,0,0,0,0,0,0,0,0,0,0,0,0,0,0,0,0,0,0
17,1117,TNS,2517,39.1,42.1,18.9,0,0,0,0,0,0,0,0,0,0,0,0,0,0,0,0,0,0,0,0,0
18,1118,R&R,4822,29.4,52.8,17.9,0,0,0,0,0,0,0,0,0,0,0,0,0,0,0,0,0,0,0,0,0
19,1119,TNS,2981,32.2,15,50.6,2.1,0,0,0,0,0,0,0,0.2,0,0,0,0,0,0,0,0,0,0,0,0
20,1120,TNS,2696,41.9,54.3,0,0,0,0,0,0,0,3.8,0,0,0,0,0,0,0,0,0,0,0,0,0,0
21,1121,KRC,3222,0,38.2,27.7,0,0,0.8,0,0,0,0,0,0,0.5,0,0,0,0,0,0,0,0,3.9,28.8,0
22,1122,TNS,2317,42.6,53,0,0,0,2,0,0,0,0,2.4,0,0,0,0,0,0,0,0,0,0,0,0,0
23,1123,R&R,4124,39.9,48.5,11.6,0,0,0,0,0,0,0,0,0,0,0,0,0,0,0,0,0,0,0,0,0
24,1124,TNS,2166,34.3,51,9.3,0,0,0,0,0,0,0,0,0,0,1.9,0,0,0,0,0,0,0,3.5,0,0
25,1125,R&R,3756,30.4,44.5,15.6,4.1,0,0,0,0,0,1.9,0,0,0,0,0,0,0,0,0,0,0,3.6,0,0
26,1126,TNS,3329,41.2,50.7,0,0,0,0,0,0,0,0,0,0,0,0,0,0,0,0,0,0,0,8.1,0,0
27,1127,KRC,2173,41.2,40.6,18.2,0,0,0,0,0,0,0,0,0,0,0,0,0,0,0,0,0,0,0,0,0
28,1128,TNS,3148,34.4,36.8,15.3,0,0,6.1,0,0,0,0,0,0,0,0,0,0,0,0,0,0,0,7.3,0,0
29,1129,R&R,3588,46.6,39.7,13.2,0,0,0,0,0,0,0,0,0,0,0,0,0,0,0,0,0,0,0.5,0,0
30,1130,TNS,2662,33.1,42,21.8,3.1,0,0,0,0,0,0,0,0,0,0,0,0,0,0,0,0,0,0,0,0
31,1131,KRC,3292,31.3,54,11.8,2.1,0,0,0,0,0,0,0,0,0.7,0,0,0,0,0,0,0,0,0,0,0
32,1132,KRC,2149,30,56.8,11.8,0,0,0,0,0,0,0,0,0,1.2,0,0,0,0,0,0,0,0,0,0,0
33,1133,TNS,2176,34.1,36.7,25.9,0,0,0,0,0,0,0,0,0,0,0,0,0,0,0,0,0,0,3.3,0,0
34,1134,TNS,2679,39.4,44.4,11.9,4.2,0,0,0,0,0,0,0,0,0,0,0,0,0,0,0,0,0,0,0,0
35,1135,R&R,3315,39.6,39.7,18,0,0,0,0,0,0,0,0,0,0.6,0,0,0,0,0,0,0,0,2.1,0,0
36,1136,R&R,4484,35.6,35.8,25.2,0,0,0,0,0,0,0,2.5,0,0.9,0,0,0,0,0,0,0,0,0,0,0
37,1137,R&R,3989,43.7,31.8,24.1,0,0,0,0,0,0,0,0,0,0.3,0,0,0,0,0,0,0,0,0,0,0
38,1138,TNS,3526,18.7,39.6,38.3,2.5,0,0,0,0,0,0,0,0,0.8,0,0,0,0,0,0,0,0,0,0,0
39,1139,KRC,2908,37.2,35.9,24.7,0,0,0.6,0,0,0,0,0,0,1.5,0,0,0,0,0,0,0,0,0,0,0
40,1140,TNS,1021,57.2,30.9,11.9,0,0,0,0,0,0,0,0,0,0,0,0,0,0,0,0,0,0,0,0,0
41,1141,TNS,1248,49.5,35.3,13.1,0,0,0,0,0,0,0,0,0,0,0,0,0,0,0,0,0,0,2.1,0,0
42,1142,KRC,1254,54.6,45.4,0,0,0,0,0,0,0,0,0,0,0,0,0,0,0,0,0,0,0,0,0,0
43,1143,KRC,1864,48.3,48.2,0,0,0,0,0,0,0,0,0,0,0,0,0,0,0,0,0,0,0,3.5,0,0
44,1144,R&R,1726,59.9,37.5,0,0,0,0,0,1.7,0,0,0,0,0,0,0,0,0,0,0,0,0.9,0,0,0
45,1145,KRC,2348,42.4,43.1,14.5,0,0,0,0,0,0,0,0,0,0,0,0,0,0,0,0,0,0,0,0,0
46,1146,TNS,2738,0,43.2,12.4,0,0,0,0,0,0,0,0,0,0,0,0,0,0,0,0,0,0,42.9,1.4,0
47,1147,R&R,3887,39.7,44.7,15.6,0,0,0,0,0,0,0,0,0,0,0,0,0,0,0,0,0,0,0,0,0
48,1148,R&R,3652,39.9,45.7,12,0,0,0,0,0,0,0,0,0,0,0,0,0,0,0,0,0,0,2.4,0,0
49,1149,KRC,3044,37,42.2,20.8,0,0,0,0,0,0,0,0,0,0,0,0,0,0,0,0,0,0,0,0,0
50,2601,R&R,1077,55.7,41.5,0,0,0,0,0,0,0,0,0,0,0,0,0,0,0,0,0,0,0,2.8,0,0
51,2602,R&R,754,54.7,33,0,0,0,0,0,0,0,0,0,0,0,0,0,0,0,0,0,0,0,12.3,0,0
52,2603,TNS,2253,49.1,47.6,0,0,0,0,0,0,0,0,0,0,0,0,0,0,0,0,0,0,0,3.3,0,0
53,2604,TNS,1623,49.9,30.7,15.9,0,0,0,0,0,0,0,0,0,0,0,0,0,0,0,0,0,0,3.6,0,0
54,2605,KRC,1573,42,25.1,17.5,0,0,0,0,0,0,0,0,0,0,0,0,0,0,0,0,0,0,15.3,0,0
55,2606,TNS,1307,51.6,48.4,0,0,0,0,0,0,0,0,0,0,0,0,0,0,0,0,0,0,0,0,0,0
56,2607,TNS,1361,44.5,48,7.5,0,0,0,0,0,0,0,0,0,0,0,0,0,0,0,0,0,0,0,0,0
57,2608,R&R,2658,48.5,51.5,0,0,0,0,0,0,0,0,0,0,0,0,0,0,0,0,0,0,0,0,0,0
58,2609,R&R,1828,50.6,37.4,12,0,0,0,0,0,0,0,0,0,0,0,0,0,0,0,0,0,0,0,0,0
59,2610,TNS,2356,53.7,40.4,0,5.6,0,0,0,0,0,0,0,0,0,0,0,0,0,0,0.4,0,0,0,0,0
60,2611,TNS,1233,50,35.2,0,0,0,0,0,0,0,0,0,0,0,0,0,0,0,0,0,0,0,14.8,0,0
61,2612,KRC,2188,47.2,47.7,0,0,0,0,0,0,0,0,0,0,0,0,0,0,0,0,0,0,0,1.6,0.5,2.9
62,2613,KRC,999,64,23.5,9.7,1.4,0,0,0,0,0,0,0,0,0,0,0,0,0,0,0,0,0,0.8,0.7,0
63,2614,TNS,836,54,34.6,0,11.4,0,0,0,0,0,0,0,0,0,0,0,0,0,0,0,0,0,0,0,0
64,2615,KRC,1264,50.7,49.3,0,0,0,0,0,0,0,0,0,0,0,0,0,0,0,0,0,0,0,0,0,0
65,2616,KRC,1110,56,22.7,21.3,0,0,0,0,0,0,0,0,0,0,0,0,0,0,0,0,0,0,0,0,0
66,2617,R&R,3572,27.2,36.8,0,0,0,0,0,0,0,0,0,0,0,0,0,0,0,0,0,0,0,36,0,0
67,2618,TNS,1458,42.7,31.2,0,4.9,0,0,0,0,0,0,0,0,0,0,0,0,0,0,0,0,0,21.2,0,0
68,2701,R&R,1002,59.5,22.2,0,0,0,0,0,0,0,5,0,0,0,0,0,0,0,0,0,0,0,1.3,12.1,0
69,2702,R&R,3119,49.6,0,0,0,0,0,0,0,0,0,0,0,6,0,0,0,0,0,0,1.1,0,43.4,0,0
70,2703,R&R,1630,0,21.1,0,0,0,0,0,0,0,0,0,0,0,0,0,0,0,0,0,0,0,78.9,0,0
71,2704,R&R,1126,59.8,0,0,0,0,0,0,0,0,0,0,0,0,0,0,0,0,0,0,0,0,32,8.3,0
72,2705,R&R,2437,54.1,12.6,9.3,0,0,0,0,0,0,0,0,0,0,0,0,0,0,0,0,0,0,24,0,0
73,2706,R&R,2769,39.1,0,0,8.6,0,0,0,0,0,0,0,0.7,0,0,0,0,0,0,0,0,0,51.5,0,0
74,2707,TNS,3339,38,62,0,0,0,0,0,0,0,0,0,0,0,0,0,0,0,0,0,0,0,0,0,0
75,2708,TNS,2079,35.3,19.2,0,0,0,0,0,0,0,0,0,0,0,0,0,0,0,0,0,0,0,45.5,0,0
76,2709,TNS,1120,70.6,0,0,0,0,0,0,0,0,0,29.4,0,0,0,0,0,0,0,0,0,0,0,0,0
77,2710,TNS,874,65.2,34.8,0,0,0,0,0,0,0,0,0,0,0,0,0,0,0,0,0,0,0,0,0,0
78,2711,TNS,932,65.1,0,0,0,0,0,0,0,0,0,0,0,0,0,0,0,8.9,0,0,0,0,26,0,0
79,2712,TNS,1648,51,13.3,0,0,0,0,0,0,0,0,0,0,0,0,0,0,0,0,0,0,0,6.3,29.4,0
80,2801,TNS,1952,28.5,0,14,25.8,0,0,0,0,0,0,0,0,0,0,0,0,0,0,0,0,0,31.7,0,0
81,2802,R&R,2564,41.4,39.2,19.4,0,0,0,0,0,0,0,0,0,0,0,0,0,0,0,0,0,0,0,0,0
82,2803,R&R,3820,11.1,0,22.3,19.9,0,0,0,0,0,0,0,0,0,0,0,0,0,0,0,0,0,46.7,0,0
83,2804,TNS,2407,40.6,40.4,19,0,0,0,0,0,0,0,0,0,0,0,0,0,0,0,0,0,0,0,0,0
84,2805,TNS,2074,44.8,37,18.2,0,0,0,0,0,0,0,0,0,0,0,0,0,0,0,0,0,0,0,0,0
85,2806,TNS,2447,33.2,50.6,15.1,0,0,0,0,0,0,0,0,0,1.1,0,0,0,0,0,0,0,0,0,0,0
86,2807,TNS,2979,40.8,57.4,0,0,0,0,0,0,0,0,0,0,0,0,1.8,0,0,0,0,0,0,0,0,0
87,2808,R&R,4013,33.6,27,35.3,0,0,0,0,0,0,0,0,0,0,0,0,0,0,0,0,0,0,4.1,0,0
88,2809,R&R,3980,30.9,43.9,25.2,0,0,0,0,0,0,0,0,0,0,0,0,0,0,0,0,0,0,0,0,0
89,2810,KRC,2795,38.1,43.8,18.1,0,0,0,0,0,0,0,0,0,0,0,0,0,0,0,0,0,0,0,0,0
90,2811,KRC,3098,29.7,43.9,26.4,0,0,0,0,0,0,0,0,0,0,0,0,0,0,0,0,0,0,0,0,0
91,2812,KRC,2385,44.6,39.2,14.6,0,0,0,0,0,0,0,0,0,0,0,0,0,0,0,0,0,0,1.6,0,0
92,2813,KRC,3331,36.6,46.9,16.6,0,0,0,0,0,0,0,0,0,0,0,0,0,0,0,0,0,0,0,0,0
93,2901,TNS,2250,1.8,29.8,58.3,0,0,0,0,0,0,0,0,0,2.7,0,0,0,0,0,0,0,0,1.3,6.2,0
94,2902,R&R,2718,2,41.2,53.8,0,0,0,0,0,0,0,0,0,3,0,0,0,0,0,0,0,0,0,0,0
95,2903,TNS,1730,2.7,35.9,55.2,2.5,0,0,0,0,0,0,0,0,3.6,0,0,0,0,0,0,0,0,0,0,0
96,2904,TNS,2347,2.6,32.1,55.3,5.2,0,0,0,0,0,0,0,0,1.2,0,0,0,0,0,0,0,0,3.6,0,0
97,2905,R&R,2279,0,24.2,70.4,0,0,0,0,0,0,0,0,0,3.1,0,0,0,0,0,0,0,0,2.3,0,0
98,2906,R&R,4050,1.9,38.4,52.9,0,0,0,0,0,0,0,0,0,4.2,0,0,0,0,0,0,0,0,2,0.6,0
99,2907,TNS,2201,3.4,36.3,52.6,3.9,0,1.4,0,0,0,0,0,0,2.4,0,0,0,0,0,0,0,0,0,0,0
100,2908,TNS,2580,1.8,44.5,49.4,2,0,0,0,0,0,0,0,0,1.6,0,0,0,0,0,0,0,0,0.6,0,0
101,3001,TNS,2157,43.3,40.4,15,0,0,0,0,0,0,0,0,0,0,0,0,0,0,0,0,0,0,1.3,0,0
102,3002,TNS,2567,40.5,38.1,19.3,0,0,0,0,0,0,0,0,0,0,0,0,0,0,0,0,0,0,2.1,0,0
103,3003,R&R,3442,39.4,50,9.8,0,0,0,0,0,0,0,0,0,0.9,0,0,0,0,0,0,0,0,0,0,0
104,3004,R&R,3723,35.7,47.7,11.8,4.8,0,0,0,0,0,0,0,0,0,0,0,0,0,0,0,0,0,0,0,0
105,3005,TNS,2538,35.5,45.7,15,3.8,0,0,0,0,0,0,0,0,0,0,0,0,0,0,0,0,0,0,0,0
106,3006,TNS,2129,26.5,57.2,10.5,4.7,0,0,0,0,0,1.1,0,0,0,0,0,0,0,0,0,0,0,0,0,0
107,3007,R&R,2404,45,35.2,18,0,0,0,0,0,0,0,0,0,0,0,0,0,0,0,0,0,0,1.8,0,0
108,3101,KRC,1185,49.7,21.1,10.8,0,0,0,0,0,0,18.4,0,0,0,0,0,0,0,0,0,0,0,0,0,0
109,3102,KRC,1378,42,41.7,0,0,0,0,0,0,0,0,0,0,0,0,0,0,0,0,0,0,0,16.3,0,0
110,3103,KRC,1442,45.7,15.5,0,0,0,0,0,0,0,0,0,0,0,0,0,0,0,0,0,0,0,38.9,0,0
111,3104,KRC,1769,33.2,0,5.3,0,0,3,0,0,0,0,0,0,0,0,0,0,0,0,0,0,0,58.5,0,0
112,3105,KRC,2402,40.5,0,0,0,0,0,0,0,0,0,0,0,0,0,0,0,0,0,0,0,0,59.5,0,0
113,3106,KRC,2131,30.5,20.4,6.9,0,0,0,0,0,0,0,0,0,0,0,0,0,0,0,0,0,0,40.4,1.9,0
114,4101,TNS,2578,37.5,46.1,16.4,0,0,0,0,0,0,0,0,0,0,0,0,0,0,0,0,0,0,0,0,0
115,4102,KRC,2630,33.3,51.6,13.4,0,0,0,0,0,0,0,0,0,1.8,0,0,0,0,0,0,0,0,0,0,0
116,4103,TNS,2224,46.7,53.3,0,0,0,0,0,0,0,0,0,0,0,0,0,0,0,0,0,0,0,0,0,0
117,4104,TNS,2799,32.5,44.9,14.4,7.5,0,0,0,0,0,0,0,0,0.7,0,0,0,0,0,0,0,0,0,0,0
118,4105,R&R,4217,36.6,50.3,12,0,0,0,0,0,0,0,0,0,1.2,0,0,0,0,0,0,0,0,0,0,0
119,4106,R&R,2985,33.4,45.3,19.2,0,0,0,0,0,0,0,0,0,2.1,0,0,0,0,0,0,0,0,0,0,0
120,4107,TNS,2060,43.1,40.4,16.5,0,0,0,0,0,0,0,0,0,0,0,0,0,0,0,0,0,0,0,0,0
121,4108,TNS,2880,37.7,47.7,14.6,0,0,0,0,0,0,0,0,0,0,0,0,0,0,0,0,0,0,0,0,0
122,4109,R&R,4489,31.9,39.2,9.1,0,0,0,0,0,0,0,0,0,0.9,0,0,0,0,0,0,0,0,19,0,0
123,4110,KRC,2852,37.7,44.3,18.1,0,0,0,0,0,0,0,0,0,0,0,0,0,0,0,0,0,0,0,0,0
124,4111,KRC,3218,41.9,33.6,21,0,0,0,0,0,0,0,0,0,3.6,0,0,0,0,0,0,0,0,0,0,0
125,4112,R&R,3975,38.9,46.5,14.5,0,0,0,0,0,0,0,0,0,0,0,0,0,0,0,0,0,0,0,0,0
126,4113,TNS,2869,34.4,49.3,15.4,0,0,0,0,0,0,0,0,0,0.9,0,0,0,0,0,0,0,0,0,0,0
127,4114,TNS,2168,42.6,38,0,19.4,0,0,0,0,0,0,0,0,0,0,0,0,0,0,0,0,0,0,0,0
128,4115,KRC,2028,35.4,41.4,23.2,0,0,0,0,0,0,0,0,0,0,0,0,0,0,0,0,0,0,0,0,0
129,4116,TNS,3931,36.1,43.2,19.8,0,0,0,0,0,0,0,0,0,0.8,0,0,0,0,0,0,0,0,0,0,0
130,4117,KRC,2841,36.4,44.5,16.7,2.4,0,0,0,0,0,0,0,0,0,0,0,0,0,0,0,0,0,0,0,0
131,4118,R&R,3681,31.1,44.4,22.1,2.3,0,0,0,0,0,0,0,0,0,0,0,0,0,0,0,0,0,0,0,0
132,4119,TNS,2578,32.9,40.3,20.9,5.9,0,0,0,0,0,0,0,0,0,0,0,0,0,0,0,0,0,0,0,0
133,4120,TNS,2412,33.5,52.1,11.5,3,0,0,0,0,0,0,0,0,0,0,0,0,0,0,0,0,0,0,0,0
134,4121,R&R,1318,53.9,23.4,18.5,4.2,0,0,0,0,0,0,0,0,0,0,0,0,0,0,0,0,0,0,0,0
135,4122,R&R,2326,39.5,34.2,24.3,0,0,0,0,0,0,0,0,0,2,0,0,0,0,0,0,0,0,0,0,0
136,4123,TNS,1933,51.9,32.2,16,0,0,0,0,0,0,0,0,0,0,0,0,0,0,0,0,0,0,0,0,0
137,4124,TNS,2985,29,39.7,24.5,0,0,0,0,0,0,0,0,0,1.5,0,0,0,0,0,0,0,0,5.3,0,0
138,4125,TNS,2519,29.6,35.8,34.5,0,0,0,0,0,0,0,0,0,0,0,0,0,0,0,0,0,0,0,0,0
139,4126,TNS,1600,38,36,22.9,0,0,0,0,0,0,0,0,0,0,0,0,0,0,0,0,0,0,3.1,0,0
140,4127,TNS,2164,36.1,26.9,33.8,3.2,0,0,0,0,0,0,0,0,0,0,0,0,0,0,0,0,0,0,0,0
141,4128,R&R,4602,33.1,8.7,0,56.6,0,0,0,0,0,1.6,0,0,0,0,0,0,0,0,0,0,0,0,0,0
142,4129,TNS,3034,41.4,43.7,12.6,0,0,0,0,0,0,0,0,0,2.2,0,0,0,0,0,0,0,0,0,0,0
143,4130,KRC,3305,35.9,47.4,16.7,0,0,0,0,0,0,0,0,0,0,0,0,0,0,0,0,0,0,0,0,0
144,4131,TNS,3703,35.1,52.3,12.7,0,0,0,0,0,0,0,0,0,0,0,0,0,0,0,0,0,0,0,0,0
145,4132,R&R,3646,37.4,41.7,14.6,3.6,0,0,0,0,0,0,2.6,0,0,0,0,0,0,0,0,0,0,0,0,0
146,4133,TNS,2642,38.5,44,17.5,0,0,0,0,0,0,0,0,0,0,0,0,0,0,0,0,0,0,0,0,0
147,4134,KRC,2727,41.3,39.2,16.2,0,0,0,0,0,0,0,0,0,0.8,0,0,0,0,0,0,0,0,2.5,0,0
148,4135,TNS,3352,35.8,37.6,25,1.6,0,0,0,0,0,0,0,0,0,0,0,0,0,0,0,0,0,0,0,0
149,4136,R&R,3774,40.2,38.9,20.9,0,0,0,0,0,0,0,0,0,0,0,0,0,0,0,0,0,0,0,0,0
150,4137,KRC,1745,32.8,52.8,14.4,0,0,0,0,0,0,0,0,0,0,0,0,0,0,0,0,0,0,0,0,0
151,4138,TNS,2660,45.5,41.9,11.6,0,0,0,0,0,0,0,0,0,0,0,0,0,0,0,0,0,0,0.7,0.2,0
152,4139,R&R,3904,30.6,46.6,22.8,0,0,0,0,0,0,0,0,0,0,0,0,0,0,0,0,0,0,0,0,0
153,4140,KRC,2864,36.2,41.2,20.6,2.1,0,0,0,0,0,0,0,0,0,0,0,0,0,0,0,0,0,0,0,0
154,4141,KRC,3109,31.4,44.7,22.8,0,0,0,0,0,0,0,0,0,1.1,0,0,0,0,0,0,0,0,0,0,0
155,4142,TNS,1921,49.3,36.6,14.1,0,0,0,0,0,0,0,0,0,0,0,0,0,0,0,0,0,0,0,0,0
156,4143,R&R,2378,42.6,37.2,20.2,0,0,0,0,0,0,0,0,0,0,0,0,0,0,0,0,0,0,0,0,0
157,4144,R&R,3437,28.6,53.8,16.9,0,0,0,0,0,0,0,0,0,0.7,0,0,0,0,0,0,0,0,0,0,0
158,4145,R&R,2537,42.6,39.2,14.5,1.9,0,0,0,0,0,0,0,0,0,0,0,0,0,0,0,0,0,1.8,0,0
159,4146,TNS,4205,39.5,50.6,9.1,0,0,0,0,0,0,0,0,0,0.8,0,0,0,0,0,0,0,0,0,0,0
160,4147,KRC,2517,34.2,53.2,11.6,0,0,0,0,0,0,0,0,0,0.8,0,0,0,0,0,0,0,0,0,0,0
161,4148,KRC,2014,43,45.6,0,0,0,0,0,0,0,0,0,0,0,0,0,0,0,0,0,0,0,11.4,0,0
162,4149,TNS,1620,54.6,38.3,0,0,0,0,0,0,0,0,0,0,0,0,0,0,0,0,0,0,0,7.1,0,0
163,4150,KRC,1483,53.4,33.1,11.4,0,0,0,0,0,0,0,0,0,2.1,0,0,0,0,0,0,0,0,0,0,0
164,4151,TNS,2714,43.1,56.9,0,0,0,0,0,0,0,0,0,0,0,0,0,0,0,0,0,0,0,0,0,0
165,4152,R&R,1815,46.2,43.6,10.2,0,0,0,0,0,0,0,0,0,0,0,0,0,0,0,0,0,0,0,0,0
166,4153,TNS,1713,53.4,35.6,0,0,0,0,0,0,0,0,0,0,0,0,0,0,0,0,0,0,0,2.3,8.7,0
167,4154,TNS,2907,28.2,48.8,23,0,0,0,0,0,0,0,0,0,0,0,0,0,0,0,0,0,0,0,0,0
168,4155,TNS,2509,32.2,50.9,16.9,0,0,0,0,0,0,0,0,0,0,0,0,0,0,0,0,0,0,0,0,0
169,4156,KRC,2849,49.7,50.3,0,0,0,0,0,0,0,0,0,0,0,0,0,0,0,0,0,0,0,0,0,0
170,4157,KRC,2922,44.7,55.3,0,0,0,0,0,0,0,0,0,0,0,0,0,0,0,0,0,0,0,0,0,0
171,4158,R&R,3047,38.5,61.5,0,0,0,0,0,0,0,0,0,0,0,0,0,0,0,0,0,0,0,0,0,0
172,4159,R&R,1300,61.1,38.9,0,0,0,0,0,0,0,0,0,0,0,0,0,0,0,0,0,0,0,0,0,0
173,4160,KRC,1345,64.7,35.3,0,0,0,0,0,0,0,0,0,0,0,0,0,0,0,0,0,0,0,0,0,0
174,4201,KRC,1819,49,47.4,0,3.6,0,0,0,0,0,0,0,0,0,0,0,0,0,0,0,0,0,0,0,0
175,4202,TNS,2465,45.7,43.8,8,2.6,0,0,0,0,0,0,0,0,0,0,0,0,0,0,0,0,0,0,0,0
176,4203,TNS,2412,45.8,43.8,9.2,0,0,0,0,0,0,0,0,0,1.2,0,0,0,0,0,0,0,0,0,0,0
177,4204,TNS,1571,56.4,38.8,0,0,0,0,0,0,0,4.8,0,0,0,0,0,0,0,0,0,0,0,0,0,0
178,4205,KRC,1494,34.1,16.2,0,0,0,0,0,0,0,0,0,0,0,0,0,0,0,0,0,0,0,49.5,0,0
179,4206,KRC,1912,41.4,18.7,0,0,0,0,0,0,0,0,0,0,0,0,0,0,0,0,0,0,0,39.9,0,0
180,4207,TNS,1403,61.3,38.7,0,0,0,0,0,0,0,0,0,0,0,0,0,0,0,0,0,0,0,0,0,0
181,4208,TNS,1131,48.2,38.3,0,0,0,0,0,0,0,0,0,0,0,0,0,0,0,0,0,0,0,13.4,0,0
182,4301,TNS,1724,49.8,47,0,0,0,0,0,0,0,0,0,0,0,0,0,0,3.2,0,0,0,0,0,0,0
183,4302,R&R,3850,41.8,44.3,10.8,3.1,0,0,0,0,0,0,0,0,0,0,0,0,0,0,0,0,0,0,0,0
184,4303,R&R,3017,37,46.3,10,0,0,0,0,0,0,0,0,0,0,0,0,0,0,0,0,0,0,6.7,0,0
185,4304,TNS,2866,39.2,44.2,12.4,0,0,0,0,0,0,0,0,0,1.5,0,0,0,0,0,0,0,0,2.7,0,0
186,4305,R&R,1404,62.6,37.4,0,0,0,0,0,0,0,0,0,0,0,0,0,0,0,0,0,0,0,0,0,0
187,4306,TNS,1094,58.6,33.6,7.8,0,0,0,0,0,0,0,0,0,0,0,0,0,0,0,0,0,0,0,0,0
188,4307,TNS,1514,56.7,43.3,0,0,0,0,0,0,0,0,0,0,0,0,0,0,0,0,0,0,0,0,0,0
189,4308,R&R,1905,49.2,36.3,14.5,0,0,0,0,0,0,0,0,0,0,0,0,0,0,0,0,0,0,0,0,0
190,4401,KRC,2610,36.5,9.5,8,0,0,0,0,0,0,0,0,0,0.9,0,0,0,0,0,0,0,0,45.1,0,0
191,4402,KRC,1684,47.2,35,16.3,0,0,0,0,0,0,0,0,0,0,0,0,0,0,0,0,0,0,1.6,0,0
192,4403,KRC,2483,27.1,54.6,14.8,3.6,0,0,0,0,0,0,0,0,0,0,0,0,0,0,0,0,0,0,0,0
193,4404,KRC,2517,29.5,50.8,19.6,0,0,0,0,0,0,0,0,0,0,0,0,0,0,0,0,0,0,0,0,0
194,4405,KRC,1309,48.5,45.2,6.2,0,0,0,0,0,0,0,0,0,0,0,0,0,0,0,0,0,0,0,0,0
195,4406,KRC,1253,53,43.9,0,0,0,0,0,0,0,0,0,0,0,0,0,0,0,0,0,0,0,3,0,0
196,4407,KRC,1598,57.8,42.2,0,0,0,0,0,0,0,0,0,0,0,0,0,0,0,0,0,0,0,0,0,0
197,4408,KRC,2274,34.7,47.7,17.6,0,0,0,0,0,0,0,0,0,0,0,0,0,0,0,0,0,0,0,0,0
198,4409,TNS,1479,41.3,34,0,0,0,0,0,0,0,0,0,0,0,0,0,0,0,0,0,0,0,24.7,0,0
199,4410,TNS,2467,44.2,43.2,12.6,0,0,0,0,0,0,0,0,0,0,0,0,0,0,0,0,0,0,0,0,0
200,4411,TNS,1272,42.2,39.8,16.1,0,1.6,0,0,0,0,0,0,0,0,0,0,0.3,0,0,0,0,0,0,0,0
201,4412,KRC,1116,40.4,29,6.4,0,0,0,0,0,0,0,0,0,0,0,0,0,0,0,0,0,0,24.1,0,0
202,4501,TNS,2160,8.5,45,42.3,0,0,0,0,0,0,0,0,0,0,0,0,0,0,0,0,0,0,4.2,0,0
203,4502,TNS,2426,38.5,36.2,23.6,0,0,0,0,0,0,0,0,0,0,0,0,0,0,0,0,0,0,1.7,0,0
204,4503,TNS,2945,4.7,46.7,48.6,0,0,0,0,0,0,0,0,0,0,0,0,0,0,0,0,0,0,0,0,0
205,4504,TNS,2547,8.4,38.1,44.8,3.6,0,0,0,0,0,0,0,0,0,0,0,0,0,0,0,0,0,5.2,0,0
206,4505,R&R,2610,9.3,50.7,36.8,0,0,0,0,0,0,0,0,0,1.9,0,0,0,0,0,0,0,0,1.3,0,0
207,4506,R&R,2575,8.6,37.8,46.6,4.7,0,0,0,0,0,0,0,0,0,0,0,0,0,0,0,0,0,0.7,1.7,0
208,4507,TNS,1518,0,25,49.5,0,0,0,0,0,0,0,0,0,0,0,0,0,0,0,0,0,0,3.8,21.7,0
209,4508,R&R,2361,6,26.7,36.9,0,0,1.4,0,0,0,0,0,0,2.8,0,0,0,0,0,0,0,0,0.7,25.4,0.1
210,4509,R&R,1835,5.2,43,44.8,6.9,0,0,0,0,0,0,0,0,0,0,0,0,0,0,0,0,0,0,0,0
211,4510,TNS,2163,3.7,53.4,41.7,0,0,0,0,0,0,0,0,0,0,0,0,0,0,0,0,0,0,1.2,0,0
212,4601,R&R,1679,6.6,22.4,57.7,5.2,0,0,0,0,0,0,0,0,1.2,0,0,0,0,0,0,0,0,0.4,6.3,0.2
213,4602,KRC,1761,4.1,34.5,45.8,0,0,0,0,0,0,0,0,0,0,0,0,0,0,0,0,0,0,14.5,1.1,0
214,4603,KRC,1107,3.3,36.7,51.4,1.5,0,0,0,0,0,0,0,0,7,0,0,0,0,0,0,0,0,0,0,0
215,4604,KRC,2626,44.1,39.5,11.8,0,0,0.4,0,0,0,0,0,0,1.6,0,0,0,0,0,0,0,0,2.4,0,0
216,4605,R&R,1557,7,43.6,49.4,0,0,0,0,0,0,0,0,0,0,0,0,0,0,0,0,0,0,0,0,0
217,4606,R&R,2108,4.5,39.4,49.5,0,0,0,0,0,0,0,0,0,5.4,0,0,0,0,0,0,0,0,0.2,0.5,0.5
218,4607,KRC,1336,2.1,47.5,48.8,0,0,0,0,0,0,0,0,0,0,0,0,0,0,0,0,0,0,1.5,0,0
219,4608,KRC,1561,4.9,35.2,55.5,0,0,0,0,0,0,0,0,0,4.5,0,0,0,0,0,0,0,0,0,0,0
220,4609,R&R,1674,2.1,42.9,53.7,0,0,0,0,0,0,0,0,0,1.2,0,0,0,0,0,0,0,0,0,0,0
221,4610,R&R,1401,14.3,39.1,42.3,2.6,0,0,0,0,0,0,0,0,1.7,0,0,0,0,0,0,0,0,0,0,0
222,4701,TNS,888,45.8,12.4,0,4.6,0,0,0,0,0,0,0,0,0,0,0,0,0,0,0,0,0,37.3,0,0
223,4702,TNS,549,68.8,0,0,0,0,0,0,0,0,0,0,0,17.6,0,0,0,0,0,0,0,0,13.6,0,0
224,4703,TNS,1788,46.4,8,0,0,0,0,0,0,0,0,0,0,0,0,0,0,0,0,0,0,0,30.3,15.3,0
225,4704,KRC,895,73.2,0,0,0,0,0,0,0,0,0,0,0,0,0,0,0,0,0,0,0,0,26.8,0,0
226,4705,KRC,650,73.6,16.4,9.9,0,0,0,0,0,0,0,0,0,0,0,0,0,0,0,0,0,0,0,0,0
227,4706,KRC,802,64.6,0,0,0,0,0,0,0,0,0,0,0,35.4,0,0,0,0,0,0,0,0,0,0,0
228,4707,KRC,1871,55.3,0,0,0,0,0,0,0,0,0,0,0,0,0,0,0,0,0,0,0,0,44.7,0,0
229,4708,KRC,1251,62.4,7,0,0,0,0,0,0,0,0,0,0,0,0,0,0,0,0,0,0,0,30.6,0,0
230,4709,TNS,703,51.3,0,0,0,0,0,0,0,0,0,0,0,0,0,0,0,0,0,0,0,0,48.7,0,0
231,4710,KRC,991,83.6,16.4,0,0,0,0,0,0,0,0,0,0,0,0,0,0,0,0,0,0,0,0,0,0
232,4711,KRC,584,75.1,0,0,24.9,0,0,0,0,0,0,0,0,0,0,0,0,0,0,0,0,0,0,0,0
233,4712,TNS,1062,72.8,0,0,0,0,0,0,0,0,0,0,0,0,0,0,0,0,0,0,0,0,9.4,17.8,0
234,4713,KRC,1066,74,26,0,0,0,0,0,0,0,0,0,0,0,0,0,0,0,0,0,0,0,0,0,0
235,4801,R&R,1534,54.1,43.4,0,0,0,0,0,0,2.6,0,0,0,0,0,0,0,0,0,0,0,0,0,0,0
236,4802,R&R,3896,42.3,0,7.4,50.4,0,0,0,0,0,0,0,0,0,0,0,0,0,0,0,0,0,0,0,0
237,4803,TNS,1016,63.7,31.6,0,0,0,0,0,0,0,4.7,0,0,0,0,0,0,0,0,0,0,0,0,0,0
238,4804,TNS,975,47.4,45.3,7.3,0,0,0,0,0,0,0,0,0,0,0,0,0,0,0,0,0,0,0,0,0
239,4805,R&R,1400,47.5,32.9,19.6,0,0,0,0,0,0,0,0,0,0,0,0,0,0,0,0,0,0,0,0,0
240,4806,TNS,1094,57.1,32.8,0,0,0,0,0,0,0,0,0,0,0,0,0,0,0,0,0,0,0,10,0,0
241,4807,TNS,1050,56.7,30.3,0,0,0,0,0,0,0,0,0,0,0,0,0,0,0,0,0,0,0,13,0,0
242,4808,R&R,345,99.9,0,0,0,0,0,0,0,0,0,0,0,0,0,0,0,0,0,0,0,0,0,0,0
243,4809,TNS,1293,62.8,10.1,0,0,0,0,0,0,0,0,0,0,0,0,0,0,0,0,0,0,0,27.1,0,0
244,4810,TNS,3187,41.6,55.2,0,0,0,0,0,0,0,0,0,0,0,0,0,0,0,0,0,0,0,1.7,1.4,0
245,4811,TNS,4374,37,60.1,0,0,0,0,0,0,0,0,0,0,0,0,0,0,0,0,0,0,0,3,0,0
246,4812,R&R,2526,40.3,0,7.5,0,0,0,0,0,0,0,0,0,0,0,0,0,0,0,0,0,0,7.5,2.5,42.2
247,4813,R&R,1217,44.6,43.8,0,0,0,0,0,0,0,0,0,0,0,0,0,0,0,0,0,0,0,4.3,7.2,0
248,4814,TNS,2655,45.9,44,10.1,0,0,0,0,0,0,0,0,0,0,0,0,0,0,0,0,0,0,0,0,0
249,4815,TNS,2597,41.8,39,0,0,0,0,0,0,0,0,0,0,0,0,0,0,0,0,0,0,0,4.8,4.1,10.3
250,4816,TNS,1220,67.3,24.4,4.5,0,0,0,0,0,0,0,0,0,0,0,0,0,0,0,0,0,0,3.9,0,0
251,4901,TNS,1938,40.1,46.8,13.1,0,0,0,0,0,0,0,0,0,0,0,0,0,0,0,0,0,0,0,0,0
252,4902,TNS,2912,45.6,43,10.9,0,0,0,0,0,0,0,0,0,0,0,0,0,0,0,0,0,0.5,0,0,0
253,4903,TNS,2239,48.2,51.8,0,0,0,0,0,0,0,0,0,0,0,0,0,0,0,0,0,0,0,0,0,0
